ds,hour,day,vehicle_count,avg_speed,weather_main,temperature,congestion_level
2025-10-01 00:00:00,0,Wed,122,20.546878593079892,Drizzle,16.752854935276773,Medium
2025-10-01 01:00:00,1,Wed,199,23.014362414098493,Clouds,33.73915646062126,High
2025-10-01 02:00:00,2,Wed,112,47.668575886756486,Rain,26.076044814247524,Low
2025-10-01 03:00:00,3,Wed,34,41.37385100117852,Drizzle,21.11048621316047,Low
2025-10-01 04:00:00,4,Wed,126,49.99642997879887,Snow,22.939630341485667,Medium
2025-10-01 05:00:00,5,Wed,91,56.526630090305716,Mist,23.944050810096712,Low
2025-10-01 06:00:00,6,Wed,40,43.40598129301888,Clear,27.011886667212345,Low
2025-10-01 07:00:00,7,Wed,122,49.04483376287392,Snow,25.313588553929954,Medium
2025-10-01 08:00:00,8,Wed,141,50.28324808169823,Snow,33.38783946428835,Medium
2025-10-01 09:00:00,9,Wed,94,35.114021971031455,Mist,24.939269658116604,Medium
2025-10-01 10:00:00,10,Wed,107,29.643393293185273,Clear,34.84316029646625,Low
2025-10-01 11:00:00,11,Wed,136,28.201813140260995,Snow,32.028499154901915,Medium
2025-10-01 12:00:00,12,Wed,119,30.057697580471938,Drizzle,19.170210287146716,Low
2025-10-01 13:00:00,13,Wed,123,30.989271881036352,Drizzle,33.61190429287832,Medium
2025-10-01 14:00:00,14,Wed,171,28.28910596032226,Drizzle,17.32732795770952,High
2025-10-01 15:00:00,15,Wed,150,55.12882669916769,Clear,31.348994169823833,Medium
2025-10-01 16:00:00,16,Wed,169,50.27996528688915,Snow,22.6124658695316,High
2025-10-01 17:00:00,17,Wed,72,21.875858711648796,Clear,32.55948640890139,Medium
2025-10-01 18:00:00,18,Wed,21,30.746899281012293,Drizzle,32.361133802149006,Medium
2025-10-01 19:00:00,19,Wed,107,20.887389681212063,Mist,31.118508002352424,Medium
2025-10-01 20:00:00,20,Wed,177,39.926607465835716,Snow,30.800608726141228,High
2025-10-01 21:00:00,21,Wed,57,39.04842787156056,Snow,21.093582781960816,Low
2025-10-01 22:00:00,22,Wed,149,53.25485960250005,Thunderstorm,16.618385661025044,Medium
2025-10-01 23:00:00,23,Wed,40,32.31108959084197,Thunderstorm,23.05960357530323,Low
2025-10-02 00:00:00,0,Thu,180,52.655429408522494,Clouds,18.470490299730173,High
2025-10-02 01:00:00,1,Thu,77,58.718950617592924,Rain,28.899021778049235,Low
2025-10-02 02:00:00,2,Thu,41,23.536328934625864,Thunderstorm,21.92199453075571,Low
2025-10-02 03:00:00,3,Thu,108,51.67271357878532,Clear,34.5122040171983,Low
2025-10-02 04:00:00,4,Thu,68,43.598235885505446,Thunderstorm,27.81944154690664,Low
2025-10-02 05:00:00,5,Thu,78,39.201838680739,Clouds,31.449611272687218,Low
2025-10-02 06:00:00,6,Thu,189,36.821431146603004,Snow,17.65049345483697,High
2025-10-02 07:00:00,7,Thu,34,51.38673055777238,Clouds,32.24028964545245,Medium
2025-10-02 08:00:00,8,Thu,194,45.5744542789697,Snow,33.455143810267884,High
2025-10-02 09:00:00,9,Thu,70,52.20178670077448,Mist,24.741238376378718,Medium
2025-10-02 10:00:00,10,Thu,127,56.12604234706505,Mist,27.12505875501955,Medium
2025-10-02 11:00:00,11,Thu,74,44.69054848389168,Snow,30.29619601805991,Low
2025-10-02 12:00:00,12,Thu,83,59.21850900369512,Rain,18.496772545208252,Low
2025-10-02 13:00:00,13,Thu,150,44.323513981675404,Thunderstorm,25.051321529268847,Medium
2025-10-02 14:00:00,14,Thu,70,45.465772864891306,Clear,22.973260555446263,Low
2025-10-02 15:00:00,15,Thu,154,42.192624341689026,Clear,17.92747984324498,Medium
2025-10-02 16:00:00,16,Thu,40,23.640083642053213,Drizzle,22.350688445830627,Low
2025-10-02 17:00:00,17,Thu,92,49.05588130600913,Snow,16.363446187709872,Medium
2025-10-02 18:00:00,18,Thu,186,41.89785227596446,Clear,15.51623813898974,High
2025-10-02 19:00:00,19,Thu,37,38.03641789664418,Rain,17.703325783096457,Medium
2025-10-02 20:00:00,20,Thu,151,56.41885113613092,Snow,34.26230223178348,Medium
2025-10-02 21:00:00,21,Thu,108,31.91837806167802,Rain,25.99059071790034,Low
2025-10-02 22:00:00,22,Thu,79,40.94409104060045,Clear,34.3164432230644,Low
2025-10-02 23:00:00,23,Thu,33,47.90567485973853,Clear,23.649957566602637,Low
2025-10-03 00:00:00,0,Fri,28,51.85887102695509,Drizzle,21.23632266170519,Low
2025-10-03 01:00:00,1,Fri,109,38.373872317846896,Clear,25.122837256804882,Low
2025-10-03 02:00:00,2,Fri,72,53.683656600748385,Snow,23.790233772658205,Low
2025-10-03 03:00:00,3,Fri,149,50.756709652615896,Mist,17.11329368523488,Medium
2025-10-03 04:00:00,4,Fri,103,22.649439114074635,Snow,27.816526293804124,Low
2025-10-03 05:00:00,5,Fri,111,21.834450656185318,Snow,19.320763650191992,Low
2025-10-03 06:00:00,6,Fri,130,44.83222737688365,Drizzle,27.39175909795659,Medium
2025-10-03 07:00:00,7,Fri,191,33.89653632901657,Drizzle,28.004021847963067,High
2025-10-03 08:00:00,8,Fri,27,28.365231643140568,Clear,18.04049706257296,Medium
2025-10-03 09:00:00,9,Fri,194,43.18599737886954,Clouds,16.226992542213363,High
2025-10-03 10:00:00,10,Fri,54,33.6625284182618,Clouds,30.615231721368797,Low
2025-10-03 11:00:00,11,Fri,100,41.490536668562804,Drizzle,24.196008475386403,Low
2025-10-03 12:00:00,12,Fri,183,38.40476635934288,Clear,16.163275910109515,High
2025-10-03 13:00:00,13,Fri,69,43.39064423796614,Clouds,34.89732634339534,Low
2025-10-03 14:00:00,14,Fri,123,36.01201955641125,Clear,16.155611219927334,Medium
2025-10-03 15:00:00,15,Fri,151,47.90670294787727,Clear,28.900704577171062,Medium
2025-10-03 16:00:00,16,Fri,21,27.20269089397194,Clear,34.67357850526827,Low
2025-10-03 17:00:00,17,Fri,153,47.86005864908316,Thunderstorm,19.783602084318513,Medium
2025-10-03 18:00:00,18,Fri,73,36.466448574301126,Snow,17.844987373743923,Medium
2025-10-03 19:00:00,19,Fri,125,54.972704194176686,Clear,17.427698788448577,Medium
2025-10-03 20:00:00,20,Fri,23,40.60944219456843,Thunderstorm,21.06550295135191,Low
2025-10-03 21:00:00,21,Fri,73,58.924413970804174,Drizzle,17.020916220212932,Low
2025-10-03 22:00:00,22,Fri,165,44.07741582163841,Clouds,28.84322683388264,High
2025-10-03 23:00:00,23,Fri,63,28.953962636252825,Snow,16.245835962601255,Low
2025-10-04 00:00:00,0,Sat,181,52.87162547377797,Mist,25.188442562995796,High
2025-10-04 01:00:00,1,Sat,33,33.80330511289547,Clouds,34.93393707705954,Low
2025-10-04 02:00:00,2,Sat,114,33.904768579307344,Snow,31.279405390120377,Low
2025-10-04 03:00:00,3,Sat,67,21.272187259406607,Mist,27.304388764620217,Low
2025-10-04 04:00:00,4,Sat,34,41.948612368296345,Clouds,21.125072415732234,Low
2025-10-04 05:00:00,5,Sat,59,41.37694014930092,Snow,27.47791672583277,Low
2025-10-04 06:00:00,6,Sat,101,34.239659370879444,Clouds,25.540829278233034,Low
2025-10-04 07:00:00,7,Sat,130,55.76869051583703,Clouds,23.52166767780743,Medium
2025-10-04 08:00:00,8,Sat,72,25.149935931985755,Mist,17.614207534803988,Medium
2025-10-04 09:00:00,9,Sat,43,33.20398053240622,Clouds,32.732084304809334,Medium
2025-10-04 10:00:00,10,Sat,173,32.863310587201155,Clouds,23.99569297642645,High
2025-10-04 11:00:00,11,Sat,143,23.691623449149844,Mist,18.8924502364153,Medium
2025-10-04 12:00:00,12,Sat,60,39.24581576225172,Drizzle,22.35518701754579,Low
2025-10-04 13:00:00,13,Sat,176,47.51138868384332,Clear,23.282595050578543,High
2025-10-04 14:00:00,14,Sat,34,40.46628054189045,Rain,31.550757911337485,Low
2025-10-04 15:00:00,15,Sat,64,26.27910730864775,Thunderstorm,29.672287611228043,Low
2025-10-04 16:00:00,16,Sat,84,35.0914386096829,Rain,30.386097872826795,Low
2025-10-04 17:00:00,17,Sat,108,20.103800975345862,Rain,15.220625288572943,Medium
2025-10-04 18:00:00,18,Sat,90,54.73204428142347,Snow,23.32307996359523,Medium
2025-10-04 19:00:00,19,Sat,28,23.380680307227276,Clear,24.626883032706473,Medium
2025-10-04 20:00:00,20,Sat,107,43.89112329021722,Snow,15.383845536461134,Low
2025-10-04 21:00:00,21,Sat,148,59.45027983467261,Clear,20.196264174900683,Medium
2025-10-04 22:00:00,22,Sat,155,41.463625839493304,Mist,30.2057964624427,Medium
2025-10-04 23:00:00,23,Sat,82,56.961670364297326,Mist,17.74219411457998,Low
2025-10-05 00:00:00,0,Sun,158,29.444661324696174,Clear,25.706202629051834,Medium
2025-10-05 01:00:00,1,Sun,100,50.39821635750343,Clouds,19.30403744034475,Low
2025-10-05 02:00:00,2,Sun,155,41.25063015894136,Drizzle,15.242415492877866,Medium
2025-10-05 03:00:00,3,Sun,182,48.82064245565859,Clouds,19.82402915199083,High
2025-10-05 04:00:00,4,Sun,182,22.493654500449658,Drizzle,34.517475098201075,High
2025-10-05 05:00:00,5,Sun,52,25.909563676249068,Snow,31.03074223765979,Low
2025-10-05 06:00:00,6,Sun,142,25.32467714349913,Drizzle,34.19153288642067,Medium
2025-10-05 07:00:00,7,Sun,24,47.48662021613325,Snow,24.757080878527248,Medium
2025-10-05 08:00:00,8,Sun,60,53.77762690534515,Mist,17.19472397355007,Medium
2025-10-05 09:00:00,9,Sun,47,49.9846492803435,Rain,25.95918977947386,Medium
2025-10-05 10:00:00,10,Sun,154,21.218886109343767,Mist,24.08754669119922,Medium
2025-10-05 11:00:00,11,Sun,91,54.68859924298893,Mist,31.88714165479232,Low
2025-10-05 12:00:00,12,Sun,31,34.16586683172502,Rain,16.961651615684893,Low
2025-10-05 13:00:00,13,Sun,181,35.8865533001633,Drizzle,24.764822740435562,High
2025-10-05 14:00:00,14,Sun,52,24.194766661299237,Drizzle,18.000973293879685,Low
2025-10-05 15:00:00,15,Sun,67,49.49620824375276,Snow,21.4935185378012,Low
2025-10-05 16:00:00,16,Sun,170,27.291355139038323,Clouds,29.747141547755994,High
2025-10-05 17:00:00,17,Sun,81,42.55860368075346,Snow,24.52036258737533,Medium
2025-10-05 18:00:00,18,Sun,56,53.628399435117245,Clouds,22.517765702915387,Medium
2025-10-05 19:00:00,19,Sun,118,23.56817314848225,Mist,22.889525571400707,Medium
2025-10-05 20:00:00,20,Sun,191,41.413422560620944,Rain,24.188935368119733,High
2025-10-05 21:00:00,21,Sun,123,29.328656461992047,Mist,30.700330876741138,Medium
2025-10-05 22:00:00,22,Sun,54,33.71707457113041,Clear,32.84169377880469,Low
2025-10-05 23:00:00,23,Sun,120,38.95879765722225,Drizzle,34.10669373007856,Low
2025-10-06 00:00:00,0,Mon,194,34.204172131172186,Clouds,30.7380677251059,High
2025-10-06 01:00:00,1,Mon,150,45.952913611663035,Snow,21.308137914960255,Medium
2025-10-06 02:00:00,2,Mon,20,39.183284070170004,Rain,28.762694121730842,Low
2025-10-06 03:00:00,3,Mon,24,43.367979388566766,Clouds,23.75206248110784,Low
2025-10-06 04:00:00,4,Mon,161,49.472899015796514,Snow,20.09341244092102,High
2025-10-06 05:00:00,5,Mon,122,42.3096906380175,Drizzle,31.817431588518453,Medium
2025-10-06 06:00:00,6,Mon,46,43.46141738643036,Mist,15.7685269792465,Low
2025-10-06 07:00:00,7,Mon,156,42.57834170090565,Drizzle,33.03523984270847,Medium
2025-10-06 08:00:00,8,Mon,34,35.150905038051576,Thunderstorm,24.22954929249468,Medium
2025-10-06 09:00:00,9,Mon,109,33.497873354876724,Clear,27.74402953616561,Medium
2025-10-06 10:00:00,10,Mon,61,55.98589588580049,Thunderstorm,28.187078444115656,Low
2025-10-06 11:00:00,11,Mon,143,44.302208891742914,Rain,32.90235481413073,Medium
2025-10-06 12:00:00,12,Mon,198,29.774126218586183,Clouds,27.733393643344147,High
2025-10-06 13:00:00,13,Mon,82,39.92990791395761,Rain,27.278671695201236,Low
2025-10-06 14:00:00,14,Mon,115,33.21393925123656,Mist,16.3330408112138,Low
2025-10-06 15:00:00,15,Mon,71,57.34767295039498,Snow,25.36816043890408,Low
2025-10-06 16:00:00,16,Mon,115,20.301374525362988,Drizzle,18.003380016340834,Low
2025-10-06 17:00:00,17,Mon,151,29.01331190850113,Thunderstorm,29.748675374429713,Medium
2025-10-06 18:00:00,18,Mon,170,34.6142727869623,Thunderstorm,25.244438416253487,High
2025-10-06 19:00:00,19,Mon,162,39.51239203234952,Mist,28.604555584167066,High
2025-10-06 20:00:00,20,Mon,190,54.03270071344585,Thunderstorm,15.833458012047686,High
2025-10-06 21:00:00,21,Mon,48,23.515504981605755,Mist,16.695840320916066,Low
2025-10-06 22:00:00,22,Mon,55,52.23459546964574,Rain,29.326467761253646,Low
2025-10-06 23:00:00,23,Mon,32,22.226139574279014,Drizzle,16.441686719973468,Low
2025-10-07 00:00:00,0,Tue,179,53.692561411927265,Clouds,16.42513455530517,High
2025-10-07 01:00:00,1,Tue,90,22.065419114980514,Snow,15.242169504697749,Low
2025-10-07 02:00:00,2,Tue,105,20.729699257134442,Clouds,34.1300279659896,Low
2025-10-07 03:00:00,3,Tue,47,47.87845849465686,Rain,29.75016718918014,Low
2025-10-07 04:00:00,4,Tue,85,59.890221390735775,Snow,22.065028170041284,Low
2025-10-07 05:00:00,5,Tue,189,55.86441051896083,Thunderstorm,20.930711625753105,High
2025-10-07 06:00:00,6,Tue,64,43.0399367122264,Clear,21.994064594916992,Low
2025-10-07 07:00:00,7,Tue,81,56.695824523421265,Rain,30.493070623623638,Medium
2025-10-07 08:00:00,8,Tue,153,20.212000255904215,Rain,28.227412221408287,Medium
2025-10-07 09:00:00,9,Tue,47,59.0026865178057,Drizzle,18.70391135734936,Medium
2025-10-07 10:00:00,10,Tue,47,39.629951170351376,Clouds,18.482186706681688,Low
2025-10-07 11:00:00,11,Tue,127,48.91584386487103,Rain,16.967912994267948,Medium
2025-10-07 12:00:00,12,Tue,63,52.834458926134104,Rain,28.206054394026765,Low
2025-10-07 13:00:00,13,Tue,103,48.738290833462145,Thunderstorm,30.28745324443472,Low
2025-10-07 14:00:00,14,Tue,49,41.40146928179642,Thunderstorm,20.30092856650008,Low
2025-10-07 15:00:00,15,Tue,94,39.06477936505648,Snow,15.418899220618256,Low
2025-10-07 16:00:00,16,Tue,147,53.54330234810499,Mist,16.643433349528546,Medium
2025-10-07 17:00:00,17,Tue,111,28.203102405978363,Mist,34.357200696900605,Medium
2025-10-07 18:00:00,18,Tue,148,58.71976266016937,Clear,20.908895549548404,Medium
2025-10-07 19:00:00,19,Tue,140,48.438099153469935,Mist,30.384462956762672,Medium
2025-10-07 20:00:00,20,Tue,46,27.98027709353279,Drizzle,27.493271377085275,Low
2025-10-07 21:00:00,21,Tue,140,49.44988734793952,Clear,22.638792793057917,Medium
2025-10-07 22:00:00,22,Tue,135,41.19360092724467,Snow,19.113745243911104,Medium
2025-10-07 23:00:00,23,Tue,22,48.289203825777776,Thunderstorm,17.42772836318813,Low
2025-10-08 00:00:00,0,Wed,122,50.71118005771355,Mist,27.300259360777332,Medium
2025-10-08 01:00:00,1,Wed,174,23.491607183587018,Clouds,30.49267561275576,High
2025-10-08 02:00:00,2,Wed,156,40.24415825437388,Thunderstorm,27.878085070822614,Medium
2025-10-08 03:00:00,3,Wed,81,57.280573690277365,Drizzle,25.606042664983164,Low
2025-10-08 04:00:00,4,Wed,184,32.825687686380576,Thunderstorm,15.839024468632726,High
2025-10-08 05:00:00,5,Wed,70,43.75532390231595,Drizzle,34.36977555188768,Low
2025-10-08 06:00:00,6,Wed,191,34.76921926039584,Drizzle,30.97428383309149,High
2025-10-08 07:00:00,7,Wed,171,38.170718888763986,Drizzle,20.856440734019294,High
2025-10-08 08:00:00,8,Wed,78,41.94412471752613,Snow,34.599406587177015,Medium
2025-10-08 09:00:00,9,Wed,137,41.95687919555909,Drizzle,27.037631792726444,Medium
2025-10-08 10:00:00,10,Wed,179,28.069218493209434,Drizzle,26.64845316414493,High
2025-10-08 11:00:00,11,Wed,115,47.38286191519333,Clouds,29.961463588590643,Low
2025-10-08 12:00:00,12,Wed,199,23.51472444970627,Clear,31.23539576180275,High
2025-10-08 13:00:00,13,Wed,132,25.552990937680814,Rain,28.129572146630053,Medium
2025-10-08 14:00:00,14,Wed,81,20.108435976573187,Clear,17.561914927324,Low
2025-10-08 15:00:00,15,Wed,71,24.667842565667254,Drizzle,21.765350119889966,Low
2025-10-08 16:00:00,16,Wed,31,38.92664804207569,Clouds,33.561672806520995,Low
2025-10-08 17:00:00,17,Wed,58,44.24407524223355,Thunderstorm,19.49231223687704,Medium
2025-10-08 18:00:00,18,Wed,149,51.7715779986585,Clouds,22.443340476750265,Medium
2025-10-08 19:00:00,19,Wed,150,24.267970004537442,Drizzle,23.64153765888392,Medium
2025-10-08 20:00:00,20,Wed,132,54.029098400658185,Clouds,23.788099793889046,Medium
2025-10-08 21:00:00,21,Wed,120,49.838981021948726,Mist,27.25879164989051,Low
2025-10-08 22:00:00,22,Wed,132,36.340731717436675,Clouds,33.861516754894154,Medium
2025-10-08 23:00:00,23,Wed,100,57.317522683998185,Drizzle,19.8138542366501,Low
2025-10-09 00:00:00,0,Thu,132,59.63717905829562,Snow,17.43002752601836,Medium
2025-10-09 01:00:00,1,Thu,21,28.20007240212949,Mist,18.949409797198747,Low
2025-10-09 02:00:00,2,Thu,149,35.169143398552016,Clouds,32.73849800418539,Medium
2025-10-09 03:00:00,3,Thu,73,57.05797694358844,Rain,27.91621625310412,Low
2025-10-09 04:00:00,4,Thu,106,48.86386203005109,Rain,20.7181357847832,Low
2025-10-09 05:00:00,5,Thu,148,21.923785758563508,Clouds,31.318938779372345,Medium
2025-10-09 06:00:00,6,Thu,166,51.260579270056596,Snow,32.22739992726872,High
2025-10-09 07:00:00,7,Thu,145,53.117635487099676,Thunderstorm,31.930286773805562,Medium
2025-10-09 08:00:00,8,Thu,149,50.02007699061254,Drizzle,33.378530672791086,Medium
2025-10-09 09:00:00,9,Thu,72,51.98148523678063,Rain,20.04482040346723,Medium
2025-10-09 10:00:00,10,Thu,191,53.00530706771189,Thunderstorm,30.100838574925568,High
2025-10-09 11:00:00,11,Thu,179,27.456199471525764,Clouds,24.2107899454828,High
2025-10-09 12:00:00,12,Thu,179,29.42766984259999,Thunderstorm,31.83997105780123,High
2025-10-09 13:00:00,13,Thu,87,45.35034254880709,Mist,29.569813543232264,Low
2025-10-09 14:00:00,14,Thu,142,56.31464521850064,Clear,30.528948929994492,Medium
2025-10-09 15:00:00,15,Thu,164,32.647863291859785,Rain,28.12323675362143,High
2025-10-09 16:00:00,16,Thu,57,43.53226703180226,Clouds,18.548575389394138,Low
2025-10-09 17:00:00,17,Thu,43,47.31928253668529,Drizzle,25.900538377938766,Medium
2025-10-09 18:00:00,18,Thu,88,38.077944051961566,Snow,34.69339479049016,Medium
2025-10-09 19:00:00,19,Thu,135,48.55129819421304,Mist,33.74776132994238,Medium
2025-10-09 20:00:00,20,Thu,117,55.98669781168692,Clouds,15.863474715940233,Low
2025-10-09 21:00:00,21,Thu,158,44.964061767273506,Drizzle,18.296296314588744,Medium
2025-10-09 22:00:00,22,Thu,163,41.59124247658532,Snow,17.63457546909124,High
2025-10-09 23:00:00,23,Thu,116,37.54978701553356,Snow,29.51959819970591,Low
2025-10-10 00:00:00,0,Fri,143,43.099450836245026,Clouds,31.3557065971389,Medium
2025-10-10 01:00:00,1,Fri,89,34.214498072735836,Mist,19.270227326213437,Low
2025-10-10 02:00:00,2,Fri,112,35.659284408060074,Thunderstorm,25.11705385903658,Low
2025-10-10 03:00:00,3,Fri,22,41.274299187526964,Thunderstorm,31.814060560224,Low
2025-10-10 04:00:00,4,Fri,167,22.664764495632678,Snow,29.65603089532501,High
2025-10-10 05:00:00,5,Fri,183,29.161015636991856,Thunderstorm,25.844744109836967,High
2025-10-10 06:00:00,6,Fri,166,41.71397242453636,Clear,26.806953809175457,High
2025-10-10 07:00:00,7,Fri,109,37.2611257254577,Snow,25.1672109383256,Medium
2025-10-10 08:00:00,8,Fri,166,33.31263143649937,Snow,20.950969026376413,High
2025-10-10 09:00:00,9,Fri,167,49.22196547237206,Drizzle,26.300439857180322,High
2025-10-10 10:00:00,10,Fri,115,47.74870429613354,Thunderstorm,28.777706041001814,Low
2025-10-10 11:00:00,11,Fri,71,26.669230399735326,Mist,32.46645831721615,Low
2025-10-10 12:00:00,12,Fri,180,55.14516461493753,Snow,27.72582707958496,High
2025-10-10 13:00:00,13,Fri,187,39.81694505615863,Mist,30.22243074086316,High
2025-10-10 14:00:00,14,Fri,147,49.65843644556182,Clear,18.20143269909146,Medium
2025-10-10 15:00:00,15,Fri,58,42.92603397029555,Drizzle,24.231149488395797,Low
2025-10-10 16:00:00,16,Fri,101,59.90770463695373,Clouds,15.186632396541865,Low
2025-10-10 17:00:00,17,Fri,123,50.096124801552904,Mist,19.93357729043246,Medium
2025-10-10 18:00:00,18,Fri,148,48.279218449738366,Snow,29.529234302260097,Medium
2025-10-10 19:00:00,19,Fri,30,51.142877562030044,Clear,34.83619902698727,Medium
2025-10-10 20:00:00,20,Fri,197,25.725119421938786,Rain,16.983561991744317,High
2025-10-10 21:00:00,21,Fri,170,28.18178372677853,Clear,23.029886317225767,High
2025-10-10 22:00:00,22,Fri,178,48.56256328894457,Clear,31.00141937398319,High
2025-10-10 23:00:00,23,Fri,61,39.75925948523451,Drizzle,19.080712692577976,Low
2025-10-11 00:00:00,0,Sat,118,50.18541167440466,Clouds,26.101698986045726,Low
2025-10-11 01:00:00,1,Sat,26,24.1166412297658,Rain,29.661425920593494,Low
2025-10-11 02:00:00,2,Sat,163,41.45925405938379,Thunderstorm,27.31970900520358,High
2025-10-11 03:00:00,3,Sat,109,35.15286262227663,Thunderstorm,18.760494692308324,Low
2025-10-11 04:00:00,4,Sat,131,38.280008771267134,Mist,22.107691373714786,Medium
2025-10-11 05:00:00,5,Sat,79,44.1583148829005,Clear,30.675835689707945,Low
2025-10-11 06:00:00,6,Sat,132,40.091533898501204,Drizzle,26.084530282640333,Medium
2025-10-11 07:00:00,7,Sat,21,41.594425484513465,Drizzle,15.104592270858255,Medium
2025-10-11 08:00:00,8,Sat,148,39.45429927982431,Thunderstorm,30.219815200561875,Medium
2025-10-11 09:00:00,9,Sat,67,36.35820708341973,Mist,15.706227098804781,Medium
2025-10-11 10:00:00,10,Sat,159,50.8752792239298,Mist,29.914675654624645,Medium
2025-10-11 11:00:00,11,Sat,56,20.48812289272178,Mist,19.04961120330475,Low
2025-10-11 12:00:00,12,Sat,179,43.93770804820908,Rain,34.161469602387605,High
2025-10-11 13:00:00,13,Sat,28,42.62033389291895,Clouds,22.35881502604169,Low
2025-10-11 14:00:00,14,Sat,118,48.64716298931809,Rain,21.538632326761583,Low
2025-10-11 15:00:00,15,Sat,166,43.961174591093055,Snow,17.977761006648894,High
2025-10-11 16:00:00,16,Sat,67,53.07195311236313,Snow,21.112084309804295,Low
2025-10-11 17:00:00,17,Sat,150,58.36299178256111,Clouds,32.53301523656401,Medium
2025-10-11 18:00:00,18,Sat,167,33.700970287141736,Thunderstorm,34.926686752544946,High
2025-10-11 19:00:00,19,Sat,171,29.09403932119948,Clouds,22.366190610136968,High
2025-10-11 20:00:00,20,Sat,73,36.94387449681932,Drizzle,23.97221261909085,Low
2025-10-11 21:00:00,21,Sat,139,31.517184659029045,Snow,29.441418764054742,Medium
2025-10-11 22:00:00,22,Sat,180,44.59801052610618,Clear,32.723915609301486,High
2025-10-11 23:00:00,23,Sat,171,56.474096353718586,Clear,26.860886683735682,High
2025-10-12 00:00:00,0,Sun,135,25.564647765722476,Thunderstorm,22.830513963556587,Medium
2025-10-12 01:00:00,1,Sun,94,24.03178412063546,Drizzle,23.252436816972477,Low
2025-10-12 02:00:00,2,Sun,132,30.240621274146488,Rain,28.912362929936137,Medium
2025-10-12 03:00:00,3,Sun,183,49.043823442496034,Drizzle,15.064365272085574,High
2025-10-12 04:00:00,4,Sun,185,43.71851621035286,Clear,27.391786749196815,High
2025-10-12 05:00:00,5,Sun,123,24.088506569007983,Clear,22.109860208827147,Medium
2025-10-12 06:00:00,6,Sun,103,56.75002089042986,Snow,30.883946625541686,Low
2025-10-12 07:00:00,7,Sun,131,51.60338548496347,Drizzle,16.85981279646264,Medium
2025-10-12 08:00:00,8,Sun,118,20.9209041915055,Drizzle,26.76404533896781,Medium
2025-10-12 09:00:00,9,Sun,172,46.05468843952984,Clear,24.619457797722475,High
2025-10-12 10:00:00,10,Sun,112,50.84986674078952,Rain,27.846510518104548,Low
2025-10-12 11:00:00,11,Sun,165,34.97741478881688,Thunderstorm,16.297071889659367,High
2025-10-12 12:00:00,12,Sun,147,22.756861574688752,Mist,26.599675748562625,Medium
2025-10-12 13:00:00,13,Sun,129,23.09284261955149,Thunderstorm,26.229691759190473,Medium
2025-10-12 14:00:00,14,Sun,101,24.16987864207238,Drizzle,26.213201888323418,Low
2025-10-12 15:00:00,15,Sun,73,53.61758527921692,Thunderstorm,27.069753331929096,Low
2025-10-12 16:00:00,16,Sun,182,56.427447930228524,Clear,28.529358744527244,High
2025-10-12 17:00:00,17,Sun,188,24.912431273829352,Clear,31.099779993615396,High
2025-10-12 18:00:00,18,Sun,180,29.43624138380325,Drizzle,20.396414402564286,High
2025-10-12 19:00:00,19,Sun,87,26.62082041469159,Drizzle,31.500988203601242,Medium
2025-10-12 20:00:00,20,Sun,52,27.452835179764826,Mist,24.96511364526907,Low
2025-10-12 21:00:00,21,Sun,161,53.49963156009969,Mist,16.541165582686624,High
2025-10-12 22:00:00,22,Sun,40,33.28585650619756,Snow,16.171018584879583,Low
2025-10-12 23:00:00,23,Sun,67,32.45777056182565,Drizzle,21.684766373921214,Low
2025-10-13 00:00:00,0,Mon,167,29.095824835084507,Rain,30.69793954222935,High
2025-10-13 01:00:00,1,Mon,147,44.315775751770346,Thunderstorm,29.153618694818313,Medium
2025-10-13 02:00:00,2,Mon,155,35.17222793542196,Drizzle,30.77229929344813,Medium
2025-10-13 03:00:00,3,Mon,154,49.76998607373155,Clouds,25.345381128832187,Medium
2025-10-13 04:00:00,4,Mon,164,28.2231923350255,Snow,23.80397995910981,High
2025-10-13 05:00:00,5,Mon,147,51.51159554857969,Clouds,17.94905053412568,Medium
2025-10-13 06:00:00,6,Mon,52,44.14886126920556,Clear,21.56385507218623,Low
2025-10-13 07:00:00,7,Mon,195,24.57069200222751,Mist,23.680387323477504,High
2025-10-13 08:00:00,8,Mon,134,36.58018336814511,Thunderstorm,16.772008593592346,Medium
2025-10-13 09:00:00,9,Mon,138,54.54072562451828,Drizzle,19.412239054224223,Medium
2025-10-13 10:00:00,10,Mon,41,56.918409271939396,Clouds,26.964505881274775,Low
2025-10-13 11:00:00,11,Mon,177,38.62800489275253,Thunderstorm,29.713262284783795,High
2025-10-13 12:00:00,12,Mon,57,39.233479123562944,Clear,34.966950227858995,Low
2025-10-13 13:00:00,13,Mon,128,56.738188997572045,Mist,33.66226662687116,Medium
2025-10-13 14:00:00,14,Mon,70,43.48272896546269,Rain,27.85130399070383,Low
2025-10-13 15:00:00,15,Mon,27,21.313866809737533,Snow,23.42496106588144,Low
2025-10-13 16:00:00,16,Mon,46,56.50997851516515,Thunderstorm,27.723547294164653,Low
2025-10-13 17:00:00,17,Mon,46,29.929057710286074,Thunderstorm,30.71303236160464,Medium
2025-10-13 18:00:00,18,Mon,40,43.10527816366189,Rain,17.366723818467747,Medium
2025-10-13 19:00:00,19,Mon,49,26.620532697118954,Thunderstorm,23.198097793925765,Medium
2025-10-13 20:00:00,20,Mon,116,21.3551664098638,Clear,31.796045712712345,Low
2025-10-13 21:00:00,21,Mon,47,32.458926845310295,Clear,22.67665903866088,Low
2025-10-13 22:00:00,22,Mon,130,51.219828301843506,Rain,26.437445424543732,Medium
2025-10-13 23:00:00,23,Mon,80,31.103486905176723,Snow,26.755387217243964,Low
2025-10-14 00:00:00,0,Tue,67,28.80388856324388,Drizzle,18.689525062672786,Low
2025-10-14 01:00:00,1,Tue,166,28.507231373649052,Clouds,22.244708833045767,High
2025-10-14 02:00:00,2,Tue,23,40.60694729627251,Drizzle,21.690225774838645,Low
2025-10-14 03:00:00,3,Tue,54,59.02165262731025,Thunderstorm,15.523934170641295,Low
2025-10-14 04:00:00,4,Tue,68,38.35955952068052,Clouds,15.483835277827104,Low
2025-10-14 05:00:00,5,Tue,36,42.29221475560192,Rain,31.63394087351547,Low
2025-10-14 06:00:00,6,Tue,191,54.425280715629356,Rain,20.46141619945625,High
2025-10-14 07:00:00,7,Tue,177,41.40278875734634,Snow,25.36157532477631,High
2025-10-14 08:00:00,8,Tue,65,27.378514856754244,Clouds,20.97451147177546,Medium
2025-10-14 09:00:00,9,Tue,136,31.98383647065908,Clear,33.813584902306815,Medium
2025-10-14 10:00:00,10,Tue,25,32.397477050744435,Clouds,20.185935177315475,Low
2025-10-14 11:00:00,11,Tue,118,35.892724618303916,Thunderstorm,23.593136254778702,Low
2025-10-14 12:00:00,12,Tue,143,37.071556213469975,Clear,32.45460500969204,Medium
2025-10-14 13:00:00,13,Tue,56,51.99128088297078,Mist,31.838671335836175,Low
2025-10-14 14:00:00,14,Tue,43,33.97547996197332,Mist,18.722028356925545,Low
2025-10-14 15:00:00,15,Tue,112,38.72927313765517,Mist,31.05286619591421,Low
2025-10-14 16:00:00,16,Tue,65,44.99903948204209,Rain,24.163737734757852,Low
2025-10-14 17:00:00,17,Tue,114,35.10903789760677,Clouds,24.659377441707104,Medium
2025-10-14 18:00:00,18,Tue,118,53.46259253169332,Mist,17.669599448318877,Medium
2025-10-14 19:00:00,19,Tue,135,43.49814416936297,Drizzle,16.612030275142494,Medium
2025-10-14 20:00:00,20,Tue,179,31.76178716883886,Snow,29.558786139475302,High
2025-10-14 21:00:00,21,Tue,180,48.56236799159313,Drizzle,24.929223047105996,High
2025-10-14 22:00:00,22,Tue,86,41.105909205791434,Mist,23.737014052303593,Low
2025-10-14 23:00:00,23,Tue,147,41.37823565028988,Snow,29.590164573047936,Medium
2025-10-15 00:00:00,0,Wed,37,39.243517935503434,Thunderstorm,30.310257979822197,Low
2025-10-15 01:00:00,1,Wed,44,39.88047795284996,Drizzle,18.17816335338707,Low
2025-10-15 02:00:00,2,Wed,73,50.61425124264963,Clouds,27.204502989552825,Low
2025-10-15 03:00:00,3,Wed,77,24.119259173252622,Clouds,17.70708164555371,Low
2025-10-15 04:00:00,4,Wed,86,33.37451245241929,Drizzle,30.027501720580915,Low
2025-10-15 05:00:00,5,Wed,123,23.020134552155568,Mist,28.139103125342793,Medium
2025-10-15 06:00:00,6,Wed,193,50.12984882989804,Clouds,34.13229242166916,High
2025-10-15 07:00:00,7,Wed,43,30.89207418881198,Thunderstorm,16.379160327128425,Medium
2025-10-15 08:00:00,8,Wed,133,55.89721639275537,Clear,16.141094423025088,Medium
2025-10-15 09:00:00,9,Wed,51,41.06313866637175,Mist,20.643741493864002,Medium
2025-10-15 10:00:00,10,Wed,194,52.029990859444844,Thunderstorm,20.23411367471812,High
2025-10-15 11:00:00,11,Wed,105,59.157257424638445,Snow,19.939575981439997,Low
2025-10-15 12:00:00,12,Wed,170,53.59155437826282,Thunderstorm,33.12509161042073,High
2025-10-15 13:00:00,13,Wed,146,54.67975040046094,Mist,19.990923996990123,Medium
2025-10-15 14:00:00,14,Wed,174,36.31937981459379,Snow,20.43899452257262,High
2025-10-15 15:00:00,15,Wed,149,42.06890381037359,Mist,30.187965248359276,Medium
2025-10-15 16:00:00,16,Wed,36,30.155542561732172,Clouds,23.9947968490108,Low
2025-10-15 17:00:00,17,Wed,123,27.844523987738114,Clear,30.534211139103625,Medium
2025-10-15 18:00:00,18,Wed,180,40.220315164241356,Mist,16.307323151287704,High
2025-10-15 19:00:00,19,Wed,156,43.80195918801682,Mist,24.751423873467687,Medium
2025-10-15 20:00:00,20,Wed,62,33.57084983584764,Clouds,15.672272003665652,Low
2025-10-15 21:00:00,21,Wed,195,42.777740710540016,Rain,16.25306406910709,High
2025-10-15 22:00:00,22,Wed,58,55.49841930054012,Clouds,33.12874906688822,Low
2025-10-15 23:00:00,23,Wed,189,42.26886339133465,Snow,17.784907422351903,High
2025-10-16 00:00:00,0,Thu,45,48.832523852420266,Clouds,25.64841364550434,Low
2025-10-16 01:00:00,1,Thu,118,52.212598694316206,Clouds,23.221912052014133,Low
2025-10-16 02:00:00,2,Thu,69,59.549151278217714,Clear,21.94686652517685,Low
2025-10-16 03:00:00,3,Thu,172,44.12789608707918,Clouds,32.99666691374545,High
2025-10-16 04:00:00,4,Thu,171,52.27400595850344,Mist,15.43646793550979,High
2025-10-16 05:00:00,5,Thu,32,58.505972742194984,Clear,28.275793723511782,Low
2025-10-16 06:00:00,6,Thu,79,57.776389023090935,Drizzle,34.26788868427101,Low
2025-10-16 07:00:00,7,Thu,154,25.643273951108544,Rain,26.20336366923684,Medium
2025-10-16 08:00:00,8,Thu,76,36.25569233094088,Clear,33.73644924066184,Medium
2025-10-16 09:00:00,9,Thu,55,32.95960244427199,Snow,16.045157585720474,Medium
2025-10-16 10:00:00,10,Thu,192,23.477000598013973,Drizzle,23.375866381483227,High
2025-10-16 11:00:00,11,Thu,39,45.329630996438425,Clear,20.203155819241022,Low
2025-10-16 12:00:00,12,Thu,84,49.43618452784009,Clear,29.616419299614595,Low
2025-10-16 13:00:00,13,Thu,27,53.92512381867534,Rain,34.62594180994493,Low
2025-10-16 14:00:00,14,Thu,163,24.91107558650834,Mist,20.130601248884957,High
2025-10-16 15:00:00,15,Thu,161,55.05776303501175,Snow,28.08349202948149,High
2025-10-16 16:00:00,16,Thu,134,45.71702254457013,Thunderstorm,18.961952655194803,Medium
2025-10-16 17:00:00,17,Thu,162,48.15784540554038,Thunderstorm,26.306605091432196,High
2025-10-16 18:00:00,18,Thu,111,56.42496014161216,Clear,24.278649733766724,Medium
2025-10-16 19:00:00,19,Thu,117,44.990450841730045,Clouds,34.44010659263074,Medium
2025-10-16 20:00:00,20,Thu,85,33.434634285993404,Snow,27.170545453929332,Low
2025-10-16 21:00:00,21,Thu,51,53.004293256906394,Drizzle,21.990127441736377,Low
2025-10-16 22:00:00,22,Thu,105,34.52236848780362,Clouds,17.281915697758667,Low
2025-10-16 23:00:00,23,Thu,70,21.369124432821167,Clouds,18.024936574698692,Low
2025-10-17 00:00:00,0,Fri,172,53.22618026260999,Snow,19.5063385990247,High
2025-10-17 01:00:00,1,Fri,82,33.807685795251025,Mist,20.019333226805962,Low
2025-10-17 02:00:00,2,Fri,144,50.95338092805361,Clear,32.01232115682276,Medium
2025-10-17 03:00:00,3,Fri,169,34.51031578663782,Clear,26.224455765650497,High
2025-10-17 04:00:00,4,Fri,77,54.442720798988866,Clear,25.467818227487328,Low
2025-10-17 05:00:00,5,Fri,77,28.78042100323835,Clear,17.29537743738435,Low
2025-10-17 06:00:00,6,Fri,105,58.981890607954796,Thunderstorm,32.2027938669887,Low
2025-10-17 07:00:00,7,Fri,68,51.19035099152123,Clear,29.456286064169674,Medium
2025-10-17 08:00:00,8,Fri,199,24.569517036815874,Thunderstorm,16.353367238000033,High
2025-10-17 09:00:00,9,Fri,189,42.63106479866242,Thunderstorm,29.156701944595373,High
2025-10-17 10:00:00,10,Fri,89,59.414692489669385,Mist,25.870764346852923,Low
2025-10-17 11:00:00,11,Fri,34,38.84261810775257,Clear,16.634506914935564,Low
2025-10-17 12:00:00,12,Fri,73,27.28428555286333,Rain,24.16601283057313,Low
2025-10-17 13:00:00,13,Fri,120,39.39113468601384,Drizzle,24.69392574260094,Low
2025-10-17 14:00:00,14,Fri,27,40.498306235276864,Clouds,18.315490803265515,Low
2025-10-17 15:00:00,15,Fri,72,49.66747776914662,Thunderstorm,33.913962940005646,Low
2025-10-17 16:00:00,16,Fri,79,47.95383412643618,Snow,31.99950742961324,Low
2025-10-17 17:00:00,17,Fri,127,36.10200174387922,Snow,28.380446746582166,Medium
2025-10-17 18:00:00,18,Fri,24,28.72092429976346,Drizzle,24.245911220012143,Medium
2025-10-17 19:00:00,19,Fri,122,45.80216671077318,Snow,23.23531083169017,Medium
2025-10-17 20:00:00,20,Fri,25,36.86815738213127,Rain,28.019469343019082,Low
2025-10-17 21:00:00,21,Fri,128,25.291048445013217,Snow,25.90863738813811,Medium
2025-10-17 22:00:00,22,Fri,135,56.02289204945543,Clouds,16.24546211763771,Medium
2025-10-17 23:00:00,23,Fri,113,47.648874304386176,Clouds,25.250052975406632,Low
2025-10-18 00:00:00,0,Sat,66,47.32735425781925,Thunderstorm,31.12807234465679,Low
2025-10-18 01:00:00,1,Sat,118,52.903355036466955,Clear,24.184797551939162,Low
2025-10-18 02:00:00,2,Sat,74,41.18646714620324,Mist,16.03913155108537,Low
2025-10-18 03:00:00,3,Sat,187,52.602177136098284,Rain,30.725563987680662,High
2025-10-18 04:00:00,4,Sat,71,39.92363014044023,Thunderstorm,19.027275642719488,Low
2025-10-18 05:00:00,5,Sat,163,22.687015996628404,Rain,20.172416697760774,High
2025-10-18 06:00:00,6,Sat,32,36.20992352110755,Clear,18.294127068645917,Low
2025-10-18 07:00:00,7,Sat,133,39.89859575919562,Snow,21.60430129742995,Medium
2025-10-18 08:00:00,8,Sat,143,48.808103265291834,Snow,30.1350301137727,Medium
2025-10-18 09:00:00,9,Sat,125,24.263149205146973,Mist,25.387717190078746,Medium
2025-10-18 10:00:00,10,Sat,177,25.60074154641796,Clear,19.09762548301425,High
2025-10-18 11:00:00,11,Sat,166,30.547352105384658,Thunderstorm,32.556601563040815,High
2025-10-18 12:00:00,12,Sat,164,30.659935734835287,Mist,32.591637099030585,High
2025-10-18 13:00:00,13,Sat,139,49.28738313836249,Clear,32.41156850092014,Medium
2025-10-18 14:00:00,14,Sat,82,30.02922642246391,Drizzle,19.775924227630785,Low
2025-10-18 15:00:00,15,Sat,38,45.32392253429791,Clouds,24.02478688361976,Low
2025-10-18 16:00:00,16,Sat,111,39.770954005530854,Mist,34.6997931228175,Low
2025-10-18 17:00:00,17,Sat,77,42.931775127176024,Mist,30.440249526199807,Medium
2025-10-18 18:00:00,18,Sat,109,53.524278527131834,Thunderstorm,15.543348424511196,Medium
2025-10-18 19:00:00,19,Sat,136,36.17526006196097,Rain,16.30409182520984,Medium
2025-10-18 20:00:00,20,Sat,81,50.83645508257082,Drizzle,24.278627536246656,Low
2025-10-18 21:00:00,21,Sat,42,36.881442382027494,Thunderstorm,33.1844041172312,Low
2025-10-18 22:00:00,22,Sat,146,34.15485506244998,Clear,25.774035959054284,Medium
2025-10-18 23:00:00,23,Sat,156,58.34508709252882,Clear,24.956250160685805,Medium
2025-10-19 00:00:00,0,Sun,159,27.37483682715853,Clear,17.10947399913261,Medium
2025-10-19 01:00:00,1,Sun,148,23.613478423104315,Clear,28.135602094485883,Medium
2025-10-19 02:00:00,2,Sun,77,50.839437021419144,Rain,31.44206321200451,Low
2025-10-19 03:00:00,3,Sun,141,22.72998821416366,Drizzle,22.608400150151247,Medium
2025-10-19 04:00:00,4,Sun,20,53.48315962812117,Snow,30.51223701850655,Low
2025-10-19 05:00:00,5,Sun,53,37.48773585428974,Clouds,34.289533078016234,Low
2025-10-19 06:00:00,6,Sun,115,56.62054709167656,Rain,19.07532918255378,Low
2025-10-19 07:00:00,7,Sun,145,48.86131444487623,Rain,25.466592623894826,Medium
2025-10-19 08:00:00,8,Sun,137,44.416186680318305,Snow,20.74275916169151,Medium
2025-10-19 09:00:00,9,Sun,67,57.97227188231063,Snow,30.857088380676785,Medium
2025-10-19 10:00:00,10,Sun,108,35.865974922082174,Clouds,26.55186731762315,Low
2025-10-19 11:00:00,11,Sun,136,58.16347746158532,Clouds,27.691648351006073,Medium
2025-10-19 12:00:00,12,Sun,148,25.400051096848276,Snow,30.958283192317882,Medium
2025-10-19 13:00:00,13,Sun,35,39.35019767729651,Clear,22.9194094532491,Low
2025-10-19 14:00:00,14,Sun,88,30.796448895687796,Rain,33.301801368140865,Low
2025-10-19 15:00:00,15,Sun,41,41.593711156327736,Thunderstorm,25.6605773449228,Low
2025-10-19 16:00:00,16,Sun,112,26.480555115663385,Clouds,18.159096456706962,Low
2025-10-19 17:00:00,17,Sun,95,53.66118641240173,Clouds,28.917982363376048,Medium
2025-10-19 18:00:00,18,Sun,173,53.85631397258229,Snow,30.86522700876509,High
2025-10-19 19:00:00,19,Sun,163,58.20945250893916,Drizzle,21.335233541350533,High
2025-10-19 20:00:00,20,Sun,198,26.18688563532945,Thunderstorm,32.14358513997506,High
2025-10-19 21:00:00,21,Sun,105,44.93330203619963,Thunderstorm,33.122865095315326,Low
2025-10-19 22:00:00,22,Sun,48,38.96949234801478,Clouds,20.538089747556178,Low
2025-10-19 23:00:00,23,Sun,88,33.77534928176933,Clear,34.67042945430444,Low
2025-10-20 00:00:00,0,Mon,66,34.06160644536875,Drizzle,17.81423056097517,Low
2025-10-20 01:00:00,1,Mon,113,36.51174202427009,Thunderstorm,19.0403133680498,Low
2025-10-20 02:00:00,2,Mon,163,48.197021987558124,Clouds,18.684496784760523,High
2025-10-20 03:00:00,3,Mon,195,43.931442330726185,Thunderstorm,32.879794200157406,High
2025-10-20 04:00:00,4,Mon,104,38.387260510445245,Mist,28.085851046499236,Low
2025-10-20 05:00:00,5,Mon,58,23.037336414784882,Drizzle,18.04208566444546,Low
2025-10-20 06:00:00,6,Mon,119,23.110613763158284,Drizzle,23.806468367366982,Low
2025-10-20 07:00:00,7,Mon,52,20.09357562503113,Mist,27.30596050139604,Medium
2025-10-20 08:00:00,8,Mon,120,58.707975528283455,Rain,16.669281699787668,Medium
2025-10-20 09:00:00,9,Mon,42,20.210152742335396,Mist,32.648327368146774,Medium
2025-10-20 10:00:00,10,Mon,29,24.123749840549795,Snow,31.072070708830704,Low
2025-10-20 11:00:00,11,Mon,88,32.583862272376436,Snow,25.104135471532764,Low
2025-10-20 12:00:00,12,Mon,119,52.297210072670445,Clouds,34.34253230518341,Low
2025-10-20 13:00:00,13,Mon,53,58.48395143056471,Drizzle,23.35521958550199,Low
2025-10-20 14:00:00,14,Mon,199,51.60054235167424,Rain,34.68220638072995,High
2025-10-20 15:00:00,15,Mon,157,47.62240929782563,Rain,28.35839997607254,Medium
2025-10-20 16:00:00,16,Mon,166,40.85202669654278,Thunderstorm,27.69342546507883,High
2025-10-20 17:00:00,17,Mon,115,23.468208474487344,Thunderstorm,18.3190979059157,Medium
2025-10-20 18:00:00,18,Mon,20,58.326831720157216,Mist,32.63855516609288,Medium
2025-10-20 19:00:00,19,Mon,88,50.33569655782726,Rain,23.549793758412303,Medium
2025-10-20 20:00:00,20,Mon,23,45.55797541337047,Mist,18.24466811564959,Low
2025-10-20 21:00:00,21,Mon,35,50.361433821553995,Mist,15.25215039951518,Low
2025-10-20 22:00:00,22,Mon,43,48.96413317092554,Thunderstorm,26.19511367276765,Low
2025-10-20 23:00:00,23,Mon,99,45.489263191579475,Drizzle,25.547992442453527,Low
2025-10-21 00:00:00,0,Tue,21,59.22307200719953,Mist,29.387072447383172,Low
2025-10-21 01:00:00,1,Tue,147,56.134552505441,Clear,32.80516106035604,Medium
2025-10-21 02:00:00,2,Tue,179,45.866596764686534,Drizzle,16.58813169286059,High
2025-10-21 03:00:00,3,Tue,103,47.72700845827699,Rain,29.629929806807247,Low
2025-10-21 04:00:00,4,Tue,171,22.0638322663484,Rain,18.748238881951643,High
2025-10-21 05:00:00,5,Tue,159,46.79669858200157,Mist,32.16354106314328,Medium
2025-10-21 06:00:00,6,Tue,197,21.766617508404007,Drizzle,31.38127027723312,High
2025-10-21 07:00:00,7,Tue,182,43.53055027879724,Thunderstorm,25.815875099710887,High
2025-10-21 08:00:00,8,Tue,143,59.974139982633396,Thunderstorm,29.20485597246623,Medium
2025-10-21 09:00:00,9,Tue,52,42.23226325748719,Snow,21.287002263674967,Medium
2025-10-21 10:00:00,10,Tue,180,38.92840472325334,Rain,24.42335797865629,High
2025-10-21 11:00:00,11,Tue,198,32.514194260223505,Clouds,31.432737954209433,High
2025-10-21 12:00:00,12,Tue,190,24.820903151458577,Snow,24.185303943464277,High
2025-10-21 13:00:00,13,Tue,120,49.24094685833126,Thunderstorm,22.155965306508836,Low
2025-10-21 14:00:00,14,Tue,31,27.703961111425215,Drizzle,24.884248945006,Low
2025-10-21 15:00:00,15,Tue,86,24.611280849891376,Thunderstorm,31.56498504874437,Low
2025-10-21 16:00:00,16,Tue,84,36.8705063892205,Drizzle,21.704160947417456,Low
2025-10-21 17:00:00,17,Tue,180,51.8136735183639,Snow,18.475231862714875,High
2025-10-21 18:00:00,18,Tue,187,49.80258192480882,Rain,29.240280406615614,High
2025-10-21 19:00:00,19,Tue,93,22.195304585859,Thunderstorm,31.519564254161637,Medium
2025-10-21 20:00:00,20,Tue,62,38.205747401446246,Mist,17.012749570470667,Low
2025-10-21 21:00:00,21,Tue,63,40.897383042846755,Drizzle,19.797482255118894,Low
2025-10-21 22:00:00,22,Tue,48,45.78186602503288,Rain,17.839439795219878,Low
2025-10-21 23:00:00,23,Tue,160,46.006694017729124,Clouds,21.95882823164333,Medium
2025-10-22 00:00:00,0,Wed,31,34.58788997829224,Drizzle,24.007019578108252,Low
2025-10-22 01:00:00,1,Wed,114,42.42708776014056,Snow,29.976526739266127,Low
2025-10-22 02:00:00,2,Wed,65,39.24247535376345,Clouds,28.02295169763348,Low
2025-10-22 03:00:00,3,Wed,149,55.399934260931246,Clouds,27.418571349568623,Medium
2025-10-22 04:00:00,4,Wed,54,41.21060530539601,Clear,22.047498932193086,Low
2025-10-22 05:00:00,5,Wed,100,37.64128646992646,Thunderstorm,31.8289510616952,Low
2025-10-22 06:00:00,6,Wed,109,36.17941798727403,Drizzle,24.42574334796329,Low
2025-10-22 07:00:00,7,Wed,27,42.89711037733863,Clouds,34.58209876030309,Medium
2025-10-22 08:00:00,8,Wed,112,52.1590791760359,Clear,27.682842765914735,Medium
2025-10-22 09:00:00,9,Wed,173,41.5360596152315,Snow,17.525294831290054,High
2025-10-22 10:00:00,10,Wed,109,46.46620700322166,Rain,28.52355124150868,Low
2025-10-22 11:00:00,11,Wed,181,49.514230676261,Mist,21.50208030863398,High
2025-10-22 12:00:00,12,Wed,134,40.806724395149274,Mist,28.72654393372195,Medium
2025-10-22 13:00:00,13,Wed,124,37.072682266194576,Drizzle,16.392822963248115,Medium
2025-10-22 14:00:00,14,Wed,154,55.06661511449798,Clouds,18.497628743519186,Medium
2025-10-22 15:00:00,15,Wed,77,36.70024336111568,Mist,32.114745178115726,Low
2025-10-22 16:00:00,16,Wed,133,38.4777140230235,Thunderstorm,19.543591140470298,Medium
2025-10-22 17:00:00,17,Wed,94,59.613652533671086,Mist,31.7408225048588,Medium
2025-10-22 18:00:00,18,Wed,176,20.009500943035384,Mist,20.58552176908821,High
2025-10-22 19:00:00,19,Wed,139,27.418916383068897,Mist,27.857638201174154,Medium
2025-10-22 20:00:00,20,Wed,183,35.35855559678903,Clear,28.88301147019662,High
2025-10-22 21:00:00,21,Wed,40,57.303596377010116,Clouds,25.25309506290106,Low
2025-10-22 22:00:00,22,Wed,183,22.80118822989884,Thunderstorm,21.106213533934625,High
2025-10-22 23:00:00,23,Wed,157,20.379417345139924,Clouds,19.252887527421922,Medium
2025-10-23 00:00:00,0,Thu,120,22.107353439089145,Drizzle,15.663787091248524,Low
2025-10-23 01:00:00,1,Thu,171,23.541736424544727,Drizzle,21.078928024814477,High
2025-10-23 02:00:00,2,Thu,196,21.503870928250436,Drizzle,28.063255810625662,High
2025-10-23 03:00:00,3,Thu,118,39.19125307426019,Snow,33.766096368969656,Low
2025-10-23 04:00:00,4,Thu,55,43.23028828909311,Mist,32.42408964526104,Low
2025-10-23 05:00:00,5,Thu,115,30.867478842760164,Snow,30.321295530706053,Low
2025-10-23 06:00:00,6,Thu,171,35.93149535902542,Clear,30.768946865065974,High
2025-10-23 07:00:00,7,Thu,170,23.667973404457207,Drizzle,28.299698069519906,High
2025-10-23 08:00:00,8,Thu,56,33.45481855313688,Thunderstorm,20.205737151320058,Medium
2025-10-23 09:00:00,9,Thu,31,40.900767665380926,Clouds,33.143900614116596,Medium
2025-10-23 10:00:00,10,Thu,132,49.29087228738581,Mist,28.41464623811668,Medium
2025-10-23 11:00:00,11,Thu,32,20.13385448171917,Rain,26.2088126196088,Low
2025-10-23 12:00:00,12,Thu,42,38.6924306615061,Thunderstorm,17.21978938426962,Low
2025-10-23 13:00:00,13,Thu,118,31.880115058195287,Mist,23.94111087612851,Low
2025-10-23 14:00:00,14,Thu,124,54.11287286767605,Snow,24.207165424038525,Medium
2025-10-23 15:00:00,15,Thu,49,48.62213260936968,Snow,32.2912721904534,Low
2025-10-23 16:00:00,16,Thu,36,43.56434137883579,Thunderstorm,25.93296440375577,Low
2025-10-23 17:00:00,17,Thu,132,31.090625827870944,Snow,22.608010979408192,Medium
2025-10-23 18:00:00,18,Thu,81,56.41356408230137,Drizzle,34.53600657021319,Medium
2025-10-23 19:00:00,19,Thu,103,21.804027088812926,Clear,17.214411866526312,Medium
2025-10-23 20:00:00,20,Thu,131,24.378703947164606,Clouds,23.450968566238892,Medium
2025-10-23 21:00:00,21,Thu,105,35.66520562161424,Clear,15.840493503428107,Low
2025-10-23 22:00:00,22,Thu,160,24.977502291874252,Mist,29.798082415338605,Medium
2025-10-23 23:00:00,23,Thu,38,58.256627902377,Clouds,33.361531043983014,Low
2025-10-24 00:00:00,0,Fri,196,51.919572885735334,Clouds,20.600746591009788,High
2025-10-24 01:00:00,1,Fri,119,30.35930606407255,Clear,32.16683353598242,Low
2025-10-24 02:00:00,2,Fri,159,43.542169158929816,Thunderstorm,20.844364609237957,Medium
2025-10-24 03:00:00,3,Fri,166,59.29322060320327,Clouds,33.2154032328783,High
2025-10-24 04:00:00,4,Fri,95,55.367959125260114,Clear,30.079238071935677,Low
2025-10-24 05:00:00,5,Fri,28,44.03193785768792,Clouds,31.09813553682877,Low
2025-10-24 06:00:00,6,Fri,47,56.14895868701082,Rain,15.360131112009089,Low
2025-10-24 07:00:00,7,Fri,147,59.567396392534356,Thunderstorm,34.256207141480516,Medium
2025-10-24 08:00:00,8,Fri,71,49.734112915744966,Drizzle,29.533419841406463,Medium
2025-10-24 09:00:00,9,Fri,102,22.59945637931576,Clouds,21.095021907722668,Medium
2025-10-24 10:00:00,10,Fri,130,36.0632094570195,Rain,31.58789329717694,Medium
2025-10-24 11:00:00,11,Fri,163,53.51302941132982,Drizzle,20.6304239682986,High
2025-10-24 12:00:00,12,Fri,136,29.22276783220076,Drizzle,32.455076791322554,Medium
2025-10-24 13:00:00,13,Fri,88,53.22570071002498,Mist,17.25160780823874,Low
2025-10-24 14:00:00,14,Fri,118,24.813550481399837,Clouds,29.073719549215916,Low
2025-10-24 15:00:00,15,Fri,159,21.87781428591252,Clear,25.813969532898206,Medium
2025-10-24 16:00:00,16,Fri,44,35.363624459649984,Clouds,16.930689403908815,Low
2025-10-24 17:00:00,17,Fri,199,21.469277497064546,Rain,19.837876565176778,High
2025-10-24 18:00:00,18,Fri,142,58.29081051933302,Drizzle,15.248080725546295,Medium
2025-10-24 19:00:00,19,Fri,72,53.04822783175864,Clouds,24.37535930929012,Medium
2025-10-24 20:00:00,20,Fri,170,52.030787485195006,Clear,21.025305215200007,High
2025-10-24 21:00:00,21,Fri,163,45.191116919846124,Mist,26.967149685955178,High
2025-10-24 22:00:00,22,Fri,76,28.65296092146214,Clouds,20.944756154172346,Low
2025-10-24 23:00:00,23,Fri,58,40.73041466705568,Thunderstorm,20.998382230139693,Low
2025-10-25 00:00:00,0,Sat,128,43.89096289721364,Mist,29.863863974632068,Medium
2025-10-25 01:00:00,1,Sat,61,41.00126003441073,Clear,15.96285671956707,Low
2025-10-25 02:00:00,2,Sat,186,30.409334718061093,Rain,33.05789990383974,High
2025-10-25 03:00:00,3,Sat,161,40.60991697258903,Drizzle,32.045277487823626,High
2025-10-25 04:00:00,4,Sat,141,39.64745363474506,Clouds,28.35609366452813,Medium
2025-10-25 05:00:00,5,Sat,152,59.85343103226897,Clear,26.864431402147687,Medium
2025-10-25 06:00:00,6,Sat,182,55.89744592184815,Mist,32.846049962793046,High
2025-10-25 07:00:00,7,Sat,94,38.5352299286248,Thunderstorm,18.70660359057429,Medium
2025-10-25 08:00:00,8,Sat,165,44.91749531740474,Clear,16.579383243816572,High
2025-10-25 09:00:00,9,Sat,95,49.914864163689145,Snow,19.790203398190762,Medium
2025-10-25 10:00:00,10,Sat,28,21.394606409352996,Thunderstorm,30.891565574003806,Low
2025-10-25 11:00:00,11,Sat,93,55.7968576491136,Mist,15.693405334529666,Low
2025-10-25 12:00:00,12,Sat,164,54.40507265671695,Rain,26.656136701669794,High
2025-10-25 13:00:00,13,Sat,26,38.297283910948295,Drizzle,34.9087503238262,Low
2025-10-25 14:00:00,14,Sat,193,35.64679064321519,Mist,32.11392187675079,High
2025-10-25 15:00:00,15,Sat,160,30.9183749942526,Rain,25.428913780871788,Medium
2025-10-25 16:00:00,16,Sat,187,39.067073133214734,Clouds,16.272818185732845,High
2025-10-25 17:00:00,17,Sat,189,21.775066541329473,Clear,31.627470287714196,High
2025-10-25 18:00:00,18,Sat,156,54.08774133388031,Snow,26.97957016354421,Medium
2025-10-25 19:00:00,19,Sat,197,21.416894736741803,Thunderstorm,17.298659941191335,High
2025-10-25 20:00:00,20,Sat,46,33.16205461479484,Thunderstorm,16.877145696467124,Low
2025-10-25 21:00:00,21,Sat,141,57.26357953275959,Clear,33.19253638873185,Medium
2025-10-25 22:00:00,22,Sat,24,49.40850618093811,Snow,28.38400525876157,Low
2025-10-25 23:00:00,23,Sat,48,31.25563842310107,Clear,31.58573598633511,Low
2025-10-26 00:00:00,0,Sun,184,30.105963758435404,Clouds,32.579578005645345,High
2025-10-26 01:00:00,1,Sun,185,20.203285592721038,Rain,26.435447040966444,High
2025-10-26 02:00:00,2,Sun,102,47.82857171399001,Mist,25.348927035100825,Low
2025-10-26 03:00:00,3,Sun,155,21.951343266926923,Thunderstorm,23.608548206419805,Medium
2025-10-26 04:00:00,4,Sun,128,41.30410077603048,Clouds,21.338931755822387,Medium
2025-10-26 05:00:00,5,Sun,84,58.48487890368199,Rain,23.691919217174235,Low
2025-10-26 06:00:00,6,Sun,105,24.378754402178156,Clouds,30.477593114603128,Low
2025-10-26 07:00:00,7,Sun,164,55.779197238722695,Snow,27.03846862030263,High
2025-10-26 08:00:00,8,Sun,90,59.65901340580193,Thunderstorm,32.85046579909692,Medium
2025-10-26 09:00:00,9,Sun,64,22.460681049569402,Mist,23.867600287583755,Medium
2025-10-26 10:00:00,10,Sun,151,55.31625076549845,Clear,27.14179157437508,Medium
2025-10-26 11:00:00,11,Sun,55,40.643160817744665,Clear,27.626151061839774,Low
2025-10-26 12:00:00,12,Sun,89,56.2605487777832,Rain,26.83394324612651,Low
2025-10-26 13:00:00,13,Sun,178,42.852757676782964,Mist,29.052675461710326,High
2025-10-26 14:00:00,14,Sun,38,46.484480404262584,Drizzle,19.748669367496127,Low
2025-10-26 15:00:00,15,Sun,127,41.75115631989597,Snow,25.247275550915813,Medium
2025-10-26 16:00:00,16,Sun,186,54.57971521229394,Rain,17.084496056166955,High
2025-10-26 17:00:00,17,Sun,110,49.356396758148065,Drizzle,22.69022655289625,Medium
2025-10-26 18:00:00,18,Sun,109,40.850412487216595,Clouds,24.75334137242529,Medium
2025-10-26 19:00:00,19,Sun,38,54.726432162061876,Snow,28.044485190909448,Medium
2025-10-26 20:00:00,20,Sun,58,29.81142129021338,Clouds,34.01062105172407,Low
2025-10-26 21:00:00,21,Sun,145,26.29362638810104,Mist,27.013021330967117,Medium
2025-10-26 22:00:00,22,Sun,192,26.416004213202882,Thunderstorm,29.871878323531195,High
2025-10-26 23:00:00,23,Sun,160,33.360355149809514,Snow,25.125321189904056,Medium
2025-10-27 00:00:00,0,Mon,145,29.5476012520407,Drizzle,27.682080627526627,Medium
2025-10-27 01:00:00,1,Mon,77,57.203614020389544,Thunderstorm,16.41864432267547,Low
2025-10-27 02:00:00,2,Mon,167,24.233363753143358,Clear,20.08783161683694,High
2025-10-27 03:00:00,3,Mon,80,47.95962952158351,Drizzle,22.237061864102774,Low
2025-10-27 04:00:00,4,Mon,146,27.568861591400236,Rain,24.44986710013027,Medium
2025-10-27 05:00:00,5,Mon,124,55.26548531081401,Clear,15.912974910047675,Medium
2025-10-27 06:00:00,6,Mon,186,58.4526115273963,Clear,17.800481951066352,High
2025-10-27 07:00:00,7,Mon,20,38.61880035079935,Rain,20.536286155826115,Medium
2025-10-27 08:00:00,8,Mon,150,55.162859209125266,Snow,34.430653818021014,Medium
2025-10-27 09:00:00,9,Mon,111,20.205806830188592,Clear,21.626940142061017,Medium
2025-10-27 10:00:00,10,Mon,132,52.797876696324,Mist,24.64082116224165,Medium
2025-10-27 11:00:00,11,Mon,172,29.14500646099694,Drizzle,18.921954254767858,High
2025-10-27 12:00:00,12,Mon,75,56.34805237077472,Thunderstorm,27.215601421515366,Low
2025-10-27 13:00:00,13,Mon,180,20.04480445920438,Clear,20.613664310319486,High
2025-10-27 14:00:00,14,Mon,185,42.24726940159028,Drizzle,19.139851568768535,High
2025-10-27 15:00:00,15,Mon,136,50.26543215139739,Clouds,25.33145256891958,Medium
2025-10-27 16:00:00,16,Mon,153,30.34753322791632,Drizzle,15.110115983208416,Medium
2025-10-27 17:00:00,17,Mon,77,27.725314583491723,Thunderstorm,15.153280652984506,Medium
2025-10-27 18:00:00,18,Mon,63,23.363928978719386,Drizzle,19.381376182037155,Medium
2025-10-27 19:00:00,19,Mon,192,33.057343060131714,Rain,15.734427250016424,High
2025-10-27 20:00:00,20,Mon,179,42.39377249235318,Thunderstorm,17.160515082613827,High
2025-10-27 21:00:00,21,Mon,192,24.633754271210307,Snow,21.777212986775034,High
2025-10-27 22:00:00,22,Mon,80,35.06781447947195,Clouds,31.051713591596258,Low
2025-10-27 23:00:00,23,Mon,66,20.362896186108998,Rain,26.440972867386016,Low
2025-10-28 00:00:00,0,Tue,168,52.74717681999367,Snow,25.25335451912833,High
2025-10-28 01:00:00,1,Tue,99,25.137948723727654,Drizzle,20.869776464162435,Low
2025-10-28 02:00:00,2,Tue,137,31.333717930623266,Thunderstorm,33.63507438865633,Medium
2025-10-28 03:00:00,3,Tue,183,20.737108749528698,Clouds,22.940300824743833,High
2025-10-28 04:00:00,4,Tue,166,37.28963135570049,Rain,16.74185533591543,High
2025-10-28 05:00:00,5,Tue,39,53.604860109648754,Snow,27.341330322356026,Low
2025-10-28 06:00:00,6,Tue,165,35.686048457807864,Snow,17.27676786953203,High
2025-10-28 07:00:00,7,Tue,66,27.179892936953337,Clouds,21.90446285603384,Medium
2025-10-28 08:00:00,8,Tue,68,50.14795336202077,Mist,25.148238774356177,Medium
2025-10-28 09:00:00,9,Tue,33,51.55227927482977,Drizzle,32.48445049370352,Medium
2025-10-28 10:00:00,10,Tue,162,26.95013901230267,Clouds,24.870931606802372,High
2025-10-28 11:00:00,11,Tue,178,50.83416434163959,Snow,29.045175320633284,High
2025-10-28 12:00:00,12,Tue,20,57.89191553025352,Clear,34.856336779981405,Low
2025-10-28 13:00:00,13,Tue,136,26.655103477290893,Rain,17.629782397959634,Medium
2025-10-28 14:00:00,14,Tue,73,50.83937170128542,Clouds,20.49463051039039,Low
2025-10-28 15:00:00,15,Tue,137,48.34288018410518,Mist,22.891521511952927,Medium
2025-10-28 16:00:00,16,Tue,22,38.94295553740354,Snow,23.436563570776627,Low
2025-10-28 17:00:00,17,Tue,163,22.316818422351933,Drizzle,23.220421505310917,High
2025-10-28 18:00:00,18,Tue,31,22.98777671031416,Snow,33.152220051131096,Medium
2025-10-28 19:00:00,19,Tue,93,54.0965863679459,Drizzle,29.280652889337127,Medium
2025-10-28 20:00:00,20,Tue,35,59.60593491002588,Clouds,27.158104281814076,Low
2025-10-28 21:00:00,21,Tue,121,47.042090287470174,Drizzle,21.187454357255643,Medium
2025-10-28 22:00:00,22,Tue,171,37.83833228041286,Thunderstorm,31.475807684425895,High
2025-10-28 23:00:00,23,Tue,175,45.902945736076305,Thunderstorm,34.101210229699774,High
2025-10-29 00:00:00,0,Wed,136,43.77583436914181,Thunderstorm,31.42396565100453,Medium
2025-10-29 01:00:00,1,Wed,27,35.34449041622487,Mist,15.031302103829457,Low
2025-10-29 02:00:00,2,Wed,141,22.62504578296052,Mist,27.72802740366814,Medium
2025-10-29 03:00:00,3,Wed,111,52.86051789629764,Clear,16.022707628842014,Low
2025-10-29 04:00:00,4,Wed,183,34.87334116954898,Mist,20.152144406674438,High
2025-10-29 05:00:00,5,Wed,109,52.75142573428375,Clouds,16.190494006955433,Low
2025-10-29 06:00:00,6,Wed,155,30.10034998753529,Snow,27.075909058987754,Medium
2025-10-29 07:00:00,7,Wed,79,20.041179193825336,Snow,28.731798269852135,Medium
2025-10-29 08:00:00,8,Wed,197,26.357531331070263,Clear,17.289752761318102,High
2025-10-29 09:00:00,9,Wed,47,38.74157667074337,Mist,22.67677766089959,Medium
2025-10-29 10:00:00,10,Wed,120,57.77214539831319,Drizzle,24.12473017911084,Low
2025-10-29 11:00:00,11,Wed,60,24.08774478774876,Clear,22.38106043521833,Low
2025-10-29 12:00:00,12,Wed,174,54.16839097846264,Drizzle,17.42050000970386,High
2025-10-29 13:00:00,13,Wed,164,41.08096384847448,Drizzle,23.37895580374951,High
2025-10-29 14:00:00,14,Wed,180,53.03683063199586,Rain,30.02356095616836,High
2025-10-29 15:00:00,15,Wed,176,31.934977239599704,Snow,16.42015329066511,High
2025-10-29 16:00:00,16,Wed,160,53.59788658689887,Thunderstorm,16.60360028163807,Medium
2025-10-29 17:00:00,17,Wed,65,50.912911200672184,Mist,22.095425836719684,Medium
2025-10-29 18:00:00,18,Wed,54,29.202147321257357,Drizzle,33.8345142323785,Medium
2025-10-29 19:00:00,19,Wed,153,25.253405056375122,Rain,28.371452934458283,Medium
2025-10-29 20:00:00,20,Wed,101,54.722172901291714,Snow,28.573399133451296,Low
2025-10-29 21:00:00,21,Wed,134,58.529466137605276,Thunderstorm,22.2383998167573,Medium
2025-10-29 22:00:00,22,Wed,66,21.25209254990065,Drizzle,26.87321582417077,Low
2025-10-29 23:00:00,23,Wed,172,49.25080267894742,Drizzle,15.202623680554868,High
2025-10-30 00:00:00,0,Thu,29,56.38098043791273,Clear,27.721920928190844,Low
2025-10-30 01:00:00,1,Thu,75,54.29440368369995,Clear,33.26573895152474,Low
2025-10-30 02:00:00,2,Thu,49,58.580818890808345,Snow,27.251469366896384,Low
2025-10-30 03:00:00,3,Thu,128,50.40376313752389,Thunderstorm,32.4739718693269,Medium
2025-10-30 04:00:00,4,Thu,24,37.69195049523641,Drizzle,29.479461109321875,Low
2025-10-30 05:00:00,5,Thu,138,32.478079619805214,Snow,17.411168328073806,Medium
2025-10-30 06:00:00,6,Thu,52,32.8297096175251,Snow,33.049066145716836,Low
2025-10-30 07:00:00,7,Thu,137,48.97690690456468,Clouds,16.3288768871155,Medium
2025-10-30 08:00:00,8,Thu,84,49.833480481238574,Mist,25.679349450955275,Medium
2025-10-30 09:00:00,9,Thu,165,28.014365741948506,Clear,17.84274247586915,High
2025-10-30 10:00:00,10,Thu,196,54.72491253962124,Thunderstorm,15.234132214618082,High
2025-10-30 11:00:00,11,Thu,30,48.596961608089906,Drizzle,23.44068520255278,Low
2025-10-30 12:00:00,12,Thu,104,42.5100114537353,Snow,20.900814153083125,Low
2025-10-30 13:00:00,13,Thu,45,38.86129840410051,Drizzle,24.72000987595206,Low
2025-10-30 14:00:00,14,Thu,82,41.72931223159833,Clouds,26.54399773469102,Low
2025-10-30 15:00:00,15,Thu,105,26.36982953117058,Thunderstorm,15.874781446178947,Low
2025-10-30 16:00:00,16,Thu,78,28.148049971050966,Snow,17.460065902474913,Low
2025-10-30 17:00:00,17,Thu,46,23.646579616247667,Drizzle,26.172847929008505,Medium
2025-10-30 18:00:00,18,Thu,196,26.146321526444506,Clear,21.863347063453165,High
2025-10-30 19:00:00,19,Thu,180,38.147745384211305,Mist,29.58346975098896,High
2025-10-30 20:00:00,20,Thu,117,41.21417574913025,Clouds,28.04583297183879,Low
2025-10-30 21:00:00,21,Thu,124,20.714475699132777,Thunderstorm,31.912087259798135,Medium
2025-10-30 22:00:00,22,Thu,118,51.8719131145611,Clouds,28.849856533384504,Low
2025-10-30 23:00:00,23,Thu,148,31.766718933739114,Clear,23.598621547802964,Medium
